/*
 Navicat MySQL Data Transfer

 Source Server         : mamp本地
 Source Server Type    : MySQL
 Source Server Version : 50635
 Source Host           : 127.0.0.1
 Source Database       : zoo

 Target Server Type    : MySQL
 Target Server Version : 50635
 File Encoding         : utf-8

 Date: 02/08/2020 22:43:58 PM
*/

SET NAMES utf8;
SET FOREIGN_KEY_CHECKS = 0;

-- ----------------------------
--  Table structure for `zoo_admin`
-- ----------------------------
DROP TABLE IF EXISTS `zoo_admin`;
CREATE TABLE `zoo_admin` (
  `id` int(11) DEFAULT NULL,
  `admin_name` varchar(30) DEFAULT NULL COMMENT '管理员名字',
  `password` varchar(100) DEFAULT NULL COMMENT '密码',
  `add_time` datetime DEFAULT NULL
) ENGINE=InnoDB DEFAULT CHARSET=utf8;

-- ----------------------------
--  Records of `zoo_admin`
-- ----------------------------
BEGIN;
INSERT INTO `zoo_admin` VALUES ('1', 'hill', '123456', '2019-04-03 15:47:23');
COMMIT;

-- ----------------------------
--  Table structure for `zoo_categroy`
-- ----------------------------
DROP TABLE IF EXISTS `zoo_categroy`;
CREATE TABLE `zoo_categroy` (
  `id` int(11) NOT NULL AUTO_INCREMENT,
  `name` varchar(255) NOT NULL COMMENT '分类名字',
  `pid` int(11) NOT NULL COMMENT '分类父id',
  `path` varchar(255) NOT NULL COMMENT '路径',
  `level` varchar(255) NOT NULL COMMENT '层级',
  PRIMARY KEY (`id`),
  KEY `id` (`id`)
) ENGINE=InnoDB AUTO_INCREMENT=39 DEFAULT CHARSET=utf8;

-- ----------------------------
--  Records of `zoo_categroy`
-- ----------------------------
BEGIN;
INSERT INTO `zoo_categroy` VALUES ('1', '美食', '0', '0,1', '1'), ('2', '电影', '0', '0,2', '1'), ('3', '休闲娱乐', '0', '0,3', '1'), ('4', '酒店', '0', '0,4', '1'), ('5', '周边旅游', '0', '0,5', '1'), ('6', '吉布鲁海鲜自助牛排', '15', '0,1,8,6', '3'), ('7', '火锅', '1', '0,1,7', '2'), ('8', '中国菜', '1', '0,1,8', '2'), ('9', '成都蜀大侠火锅', '7', '0,1,7,9', '3'), ('10', '川湘菜', '8', '0,1,8,10', '3'), ('11', '订座', '2', '0,2,11', '2'), ('12', '电影团购', '2', '0,2,12', '2'), ('13', '东北菜', '8', '0,1,8,13', '3'), ('14', '安徽菜', '8', '0,1,8,14', '3'), ('15', '自助餐', '1', '0,1,8', '2'), ('16', '鱼火锅', '7', '0,1,7,16', '3'), ('17', '涮羊肉', '7', '0,1,7,17', '3'), ('18', '海底捞', '7', '0,1,7,18', '3'), ('19', '五星酒店', '4', '0,4,29,19', '3'), ('20', '七天酒店', '4', '0,4,29,20', '3'), ('21', '温泉', '3', '0,3,21', '2'), ('22', '巴蜀大门户火锅', '7', '0,1,7,22', '3'), ('23', '在线定座', '11', '0,2,11,23', '3'), ('24', '电话定座', '11', '0,2,11,24', '3'), ('25', '猫眼电影', '12', '0,2,12,25', '3'), ('26', '麻将桌游', '3', '0,3,26', '2'), ('27', '四川麻将', '26', '0,3,26,27', '3'), ('28', '三国杀桌游', '26', '0,3,26,28', '3'), ('29', '本地酒店', '4', '0,4,29', '2'), ('30', '景区酒店', '4', '0,4,30', '2'), ('31', '驴妈妈', '5', '0,5,31', '2'), ('32', '海洋馆', '5', '0,5,32', '2'), ('33', '海昌极地世界', '32', '0,5,32,33', '3'), ('34', '玫瑰园', '31', '0,5,31,34', '3'), ('35', '漫花庄园', '31', '0,5,31,35', '3'), ('36', '花水湾温泉', '21', '0,3,21,36', '3'), ('37', '诺亚方舟', '21', '0,3,21,37', '3'), ('38', '老夫子自助餐', '15', '0,1,8,38', '3');
COMMIT;

-- ----------------------------
--  Table structure for `zoo_order`
-- ----------------------------
DROP TABLE IF EXISTS `zoo_order`;
CREATE TABLE `zoo_order` (
  `order_id` int(11) NOT NULL AUTO_INCREMENT COMMENT '订单id',
  `order_sn` varchar(50) DEFAULT NULL COMMENT '订单号',
  `product_id` int(11) DEFAULT NULL COMMENT '产品id',
  `product_name` varchar(50) DEFAULT NULL COMMENT '产品名字',
  `price` decimal(10,0) DEFAULT NULL COMMENT '单价',
  `number` int(11) DEFAULT NULL COMMENT '数量',
  `discount` decimal(10,2) DEFAULT NULL,
  `total_money` decimal(10,2) DEFAULT NULL COMMENT '总价格',
  `state` tinyint(4) DEFAULT NULL COMMENT '订单状态 0 未支付 1.已支付 2.已消费 3.已过期 4.已取消',
  `user_id` int(11) DEFAULT NULL COMMENT '购买人id',
  PRIMARY KEY (`order_id`),
  KEY `order_id` (`order_id`) USING BTREE,
  KEY `product_id` (`product_id`) USING BTREE
) ENGINE=InnoDB AUTO_INCREMENT=148 DEFAULT CHARSET=utf8;

-- ----------------------------
--  Records of `zoo_order`
-- ----------------------------
BEGIN;
INSERT INTO `zoo_order` VALUES ('4', '05102830337260093', '2', '蜀大侠火锅', '78', '3', '0.00', '234.00', '0', '1'), ('5', '05112449819616794', '5', '花水湾温泉', '289', '2', '5.00', '573.00', '0', '1'), ('6', '05112452562905373', '4', '老干妈鱼头火锅', '99', '3', '0.00', '297.00', '0', '1'), ('7', '05112453047119090', '4', '老干妈鱼头火锅', '99', '3', '0.00', '297.00', '0', '1'), ('8', '05112454363598026', '4', '老干妈鱼头火锅', '99', '4', '0.00', '396.00', '0', '1'), ('9', '05112454454099811', '4', '老干妈鱼头火锅', '99', '3', '0.00', '297.00', '0', '1'), ('10', '05112454598078872', '2', '蜀大侠火锅', '78', '5', '0.00', '390.00', '0', '1'), ('11', '05112455160993160', '2', '蜀大侠火锅', '78', '4', '0.00', '312.00', '0', '1'), ('12', '05112457188158492', '2', '蜀大侠火锅', '78', '3', '0.00', '234.00', '0', '1'), ('13', '05112457521472137', '2', '蜀大侠火锅', '78', '4', '0.00', '312.00', '0', '1'), ('14', '05112459617005867', '2', '蜀大侠火锅', '78', '3', '0.00', '234.00', '0', '1'), ('15', '05112511970955316', '2', '蜀大侠火锅', '78', '4', '0.00', '78.00', '0', '1'), ('16', '05112512529271361', '2', '蜀大侠火锅', '78', '3', '0.00', '234.00', '0', '1'), ('17', '05112555435313447', '2', '蜀大侠火锅', '78', '1', '0.00', '78.00', '0', '1'), ('18', '05112556806967042', '2', '蜀大侠火锅', '78', '2', '0.00', '156.00', '0', '1'), ('19', '05112557789292479', '2', '蜀大侠火锅', '78', '2', '0.00', '156.00', '0', '1'), ('20', '05112558840703350', '2', '蜀大侠火锅', '78', '3', '0.00', '234.00', '0', '1'), ('21', '05112559290275135', '2', '蜀大侠火锅', '78', '4', '0.00', '312.00', '0', '1'), ('22', '05112559885028699', '2', '蜀大侠火锅', '78', '4', '0.00', '78.00', '0', '1'), ('23', '05142029313162540', '3', '滋滋烤鱼晋阳店', '49', '1', '3.60', '45.40', '0', '1'), ('24', '05142030269147609', '3', '滋滋烤鱼晋阳店', '49', '3', '3.60', '143.40', '0', '1'), ('25', '05142033172385553', '3', '滋滋烤鱼晋阳店', '49', '5', '3.60', '241.40', '0', '1'), ('26', '05142033937903975', '2', '蜀大侠火锅', '78', '1', '0.00', '78.00', '0', '1'), ('27', '05142037136206102', '2', '蜀大侠火锅', '78', '3', '0.00', '234.00', '0', '1'), ('28', '05142039938056068', '2', '蜀大侠火锅', '78', '1', '0.00', '78.00', '0', '1'), ('29', '05152920782113437', '5', '花水湾温泉', '289', '2', '5.00', '573.00', '0', '1'), ('30', '05152924379562384', '2', '蜀大侠火锅', '78', '1', '0.00', '78.00', '0', '1'), ('31', '05152994136777063', '1', '吉布鲁海鲜自助餐', '88', '1', '0.00', '88.00', '0', '1'), ('32', '05152003806276756', '2', '蜀大侠火锅', '78', '2', '0.00', '156.00', '0', '1'), ('33', '05152032132577794', '2', '蜀大侠火锅', '78', '1', '0.00', '78.00', '0', '1'), ('34', '05152034049719852', '2', '蜀大侠火锅', '78', '3', '0.00', '234.00', '0', '1'), ('35', '05152038593869046', '2', '蜀大侠火锅', '78', '6', '0.00', '468.00', '0', '1'), ('36', '05152040533645310', '2', '蜀大侠火锅', '78', '8', '0.00', '624.00', '0', '1'), ('37', '05152042507851702', '4', '老干妈鱼头火锅', '99', '2', '0.00', '198.00', '0', '1'), ('38', '05152068373960018', '2', '蜀大侠火锅', '78', '3', '0.00', '234.00', '0', '1'), ('39', '05152068787795702', '1', '吉布鲁海鲜自助餐', '88', '3', '0.00', '264.00', '0', '1'), ('40', '05152070556119824', '4', '老干妈鱼头火锅', '99', '3', '0.00', '297.00', '0', '1'), ('41', '05152075302817555', '4', '老干妈鱼头火锅', '99', '3', '0.00', '297.00', '0', '1'), ('42', '05152076126884461', '3', '滋滋烤鱼晋阳店', '49', '3', '3.60', '143.40', '0', '1'), ('43', '05152076674187822', '3', '滋滋烤鱼晋阳店', '49', '4', '3.60', '192.40', '0', '1'), ('44', '05152077557723886', '3', '滋滋烤鱼晋阳店', '49', '4', '3.60', '45.40', '0', '1'), ('45', '05152079468353099', '3', '滋滋烤鱼晋阳店', '49', '5', '3.60', '241.40', '0', '1'), ('46', '05152103250929730', '5', '花水湾温泉', '289', '1', '5.00', '284.00', '0', '1'), ('47', '05152104358095699', '5', '花水湾温泉', '289', '3', '5.00', '862.00', '0', '1'), ('48', '05152105446730832', '3', '滋滋烤鱼晋阳店', '49', '1', '3.60', '45.40', '0', '1'), ('49', '05152105741699179', '2', '蜀大侠火锅', '78', '1', '0.00', '78.00', '0', '1'), ('50', '05152105941807555', '1', '吉布鲁海鲜自助餐', '88', '1', '0.00', '88.00', '0', '1'), ('51', '05152107272419991', '1', '吉布鲁海鲜自助餐', '88', '1', '0.00', '88.00', '0', '1'), ('52', '05152108436264644', '1', '吉布鲁海鲜自助餐', '88', '1', '0.00', '88.00', '0', '1'), ('53', '05152108941909453', '4', '老干妈鱼头火锅', '99', '1', '0.00', '99.00', '0', '1'), ('54', '05152110200282836', '2', '蜀大侠火锅', '78', '2', '0.00', '156.00', '0', '1'), ('55', '05152111941650457', '4', '老干妈鱼头火锅', '99', '1', '0.00', '99.00', '0', '1'), ('56', '05152112169417898', '4', '老干妈鱼头火锅', '99', '2', '0.00', '198.00', '0', '1'), ('57', '05152112427528341', '2', '蜀大侠火锅', '78', '2', '0.00', '156.00', '0', '1'), ('58', '05152112916641088', '3', '滋滋烤鱼晋阳店', '49', '1', '3.60', '45.40', '0', '1'), ('59', '05152114728525766', '1', '吉布鲁海鲜自助餐', '88', '1', '0.00', '88.00', '0', '1'), ('60', '05152115290833569', '1', '吉布鲁海鲜自助餐', '88', '3', '0.00', '264.00', '0', '1'), ('61', '05152116608707281', '4', '老干妈鱼头火锅', '99', '1', '0.00', '99.00', '0', '1'), ('62', '05152118763433149', '2', '蜀大侠火锅', '78', '1', '0.00', '78.00', '0', '1'), ('63', '05152119087995900', '5', '花水湾温泉', '289', '1', '5.00', '284.00', '0', '1'), ('64', '05152119489209998', '4', '老干妈鱼头火锅', '99', '1', '0.00', '99.00', '0', '1'), ('65', '05152120413125535', '3', '滋滋烤鱼晋阳店', '49', '1', '3.60', '45.40', '0', '1'), ('66', '05152121651442021', '5', '花水湾温泉', '289', '1', '5.00', '284.00', '0', '1'), ('67', '05152122458495052', '1', '吉布鲁海鲜自助餐', '88', '1', '0.00', '88.00', '0', '1'), ('68', '05152123603932270', '4', '老干妈鱼头火锅', '99', '1', '0.00', '99.00', '0', '1'), ('69', '05152127190462801', '3', '滋滋烤鱼晋阳店', '49', '1', '3.60', '45.40', '0', '1'), ('70', '05222193327741044', '5', '花水湾温泉', '289', '1', '5.00', '284.00', '0', '1'), ('71', '05222193618894671', '1', '吉布鲁海鲜自助餐', '88', '3', '0.00', '264.00', '0', '1'), ('72', '06102290841145261', '1', '吉布鲁海鲜自助餐', '88', '1', '0.00', '88.00', '0', '1'), ('73', '06132904733807694', '3', '滋滋烤鱼晋阳店', '49', '1', '3.60', '45.40', '0', '1'), ('74', '06132905862676228', '3', '滋滋烤鱼晋阳店', '49', '1', '3.60', '45.40', '0', '1'), ('75', '06132907182535933', '3', '滋滋烤鱼晋阳店', '49', '1', '3.60', '45.40', '0', '1'), ('76', '06132907548138829', '3', '滋滋烤鱼晋阳店', '49', '2', '3.60', '94.40', '0', '1'), ('77', '06132907821324166', '4', '老干妈鱼头火锅', '99', '1', '0.00', '99.00', '0', '1'), ('78', '06132910085268293', '1', '吉布鲁海鲜自助餐', '88', '1', '0.00', '88.00', '0', '1'), ('79', '06132912109358536', '2', '蜀大侠火锅', '78', '1', '0.00', '78.00', '0', '1'), ('80', '06132915364868290', '2', '蜀大侠火锅', '78', '1', '0.00', '78.00', '0', '1'), ('81', '06132919538514907', '3', '滋滋烤鱼晋阳店', '49', '1', '3.60', '45.40', '0', '1'), ('82', '06132919659260912', '1', '吉布鲁海鲜自助餐', '88', '1', '0.00', '88.00', '0', '1'), ('83', '06132920980102690', '1', '吉布鲁海鲜自助餐', '88', '1', '0.00', '88.00', '0', '1'), ('84', '06132921192199201', '3', '滋滋烤鱼晋阳店', '49', '1', '3.60', '45.40', '0', '1'), ('85', '06132921278731714', '2', '蜀大侠火锅', '78', '1', '0.00', '78.00', '0', '1'), ('86', '06132922629623573', '1', '吉布鲁海鲜自助餐', '88', '1', '0.00', '88.00', '0', '1'), ('87', '06132923678858368', '1', '吉布鲁海鲜自助餐', '88', '1', '0.00', '88.00', '0', '1'), ('88', '06132924017987525', '2', '蜀大侠火锅', '78', '1', '0.00', '78.00', '0', '1'), ('89', '06132925825859081', '2', '蜀大侠火锅', '78', '1', '0.00', '78.00', '0', '1'), ('90', '06132928115838019', '1', '吉布鲁海鲜自助餐', '88', '1', '0.00', '88.00', '0', '1'), ('91', '06132929632469265', '2', '蜀大侠火锅', '78', '1', '0.00', '78.00', '0', '1'), ('92', '06132930062728365', '1', '吉布鲁海鲜自助餐', '88', '1', '0.00', '88.00', '0', '1'), ('93', '06132944461451072', '1', '吉布鲁海鲜自助餐', '88', '1', '0.00', '88.00', '0', '1'), ('94', '06132944679274457', '2', '蜀大侠火锅', '78', '1', '0.00', '78.00', '0', '1'), ('95', '06132946038612776', '2', '蜀大侠火锅', '78', '1', '0.00', '78.00', '0', '1'), ('96', '06132946101296400', '2', '蜀大侠火锅', '78', '1', '0.00', '78.00', '0', '1'), ('97', '06132947243285644', '1', '吉布鲁海鲜自助餐', '88', '1', '0.00', '88.00', '0', '1'), ('98', '06132947466094331', '3', '滋滋烤鱼晋阳店', '49', '1', '3.60', '45.40', '0', '1'), ('99', '06132947571229085', '1', '吉布鲁海鲜自助餐', '88', '1', '0.00', '88.00', '0', '1'), ('100', '06132948065973065', '2', '蜀大侠火锅', '78', '1', '0.00', '78.00', '0', '1'), ('101', '06132952905357861', '2', '蜀大侠火锅', '78', '1', '0.00', '78.00', '0', '1'), ('102', '06132953190639384', '1', '吉布鲁海鲜自助餐', '88', '1', '0.00', '88.00', '0', '1'), ('103', '06132960185190013', '1', '吉布鲁海鲜自助餐', '88', '1', '0.00', '88.00', '0', '1'), ('104', '06132960868180446', '1', '吉布鲁海鲜自助餐', '88', '1', '0.00', '88.00', '0', '1'), ('105', '06132961201433704', '3', '滋滋烤鱼晋阳店', '49', '1', '3.60', '45.40', '0', '1'), ('106', '06132967628268690', '1', '吉布鲁海鲜自助餐', '88', '1', '0.00', '88.00', '0', '1'), ('107', '06132968846042685', '1', '吉布鲁海鲜自助餐', '88', '1', '0.00', '88.00', '0', '1'), ('108', '06132971905479110', '3', '滋滋烤鱼晋阳店', '49', '1', '3.60', '45.40', '0', '1'), ('109', '06132978981499205', '1', '吉布鲁海鲜自助餐', '88', '1', '0.00', '88.00', '0', '1'), ('110', '06132025483315981', '4', '老干妈鱼头火锅', '99', '1', '0.00', '99.00', '0', '1'), ('111', '06132026472513411', '1', '吉布鲁海鲜自助餐', '88', '1', '0.00', '88.00', '0', '1'), ('112', '06132070117518335', '4', '老干妈鱼头火锅', '99', '1', '0.00', '99.00', '0', '1'), ('113', '06132080798469140', '3', '滋滋烤鱼晋阳店', '49', '1', '3.60', '45.40', '0', '1'), ('114', '06132091157001713', '2', '蜀大侠火锅', '78', '1', '0.00', '78.00', '0', '1'), ('115', '06132236516348464', '13', '蜀大侠火锅', '78', '1', '0.00', '78.00', '0', '1'), ('116', '06132238157257547', '13', '蜀大侠火锅', '78', '1', '0.00', '78.00', '0', '1'), ('117', '06132240110448756', '9', '蜀大侠火锅', '78', '1', '0.00', '78.00', '0', '1'), ('118', '06132240410727627', '11', '蜀大侠火锅', '78', '1', '0.00', '78.00', '0', '1'), ('119', '06132242206321827', '7', '麻将桌游一起玩', '40', '1', '8.00', '32.00', '0', '1'), ('120', '06142786628027108', '6', '阿牛火锅', '199', '1', '10.00', '189.00', '0', '1'), ('121', '06142787427029253', '1', '吉布鲁海鲜自助餐', '88', '1', '0.00', '88.00', '0', '1'), ('122', '06142789418477594', '1', '吉布鲁海鲜自助餐', '88', '1', '0.00', '88.00', '0', '1'), ('123', '06142790096860530', '12', '蜀大侠火锅', '78', '1', '0.00', '78.00', '0', '1'), ('124', '06142795401411953', '1', '吉布鲁海鲜自助餐', '88', '1', '0.00', '88.00', '0', '1'), ('125', '06142797593955532', '1', '吉布鲁海鲜自助餐', '88', '1', '0.00', '88.00', '0', '1'), ('126', '06142810451924578', '5', '花水湾温泉', '289', '1', '5.00', '284.00', '0', '1'), ('127', '06142814466509903', '2', '蜀大侠火锅', '78', '1', '0.00', '78.00', '0', '1'), ('128', '06142814827093174', '1', '吉布鲁海鲜自助餐', '88', '1', '0.00', '88.00', '0', '1'), ('129', '06142936015545618', '6', '阿牛火锅', '199', '2', '10.00', '388.00', '0', '1'), ('130', '06142937180767946', '2', '蜀大侠火锅', '78', '1', '0.00', '78.00', '0', '1'), ('131', '06142941365806856', '2', '蜀大侠火锅', '78', '1', '0.00', '78.00', '0', '1'), ('132', '06142944336851319', '1', '吉布鲁海鲜自助餐', '88', '1', '0.00', '88.00', '0', '1'), ('133', '06142947609180765', '1', '吉布鲁海鲜自助餐', '88', '1', '0.00', '88.00', '0', '1'), ('134', '06142948785691342', '1', '吉布鲁海鲜自助餐', '88', '1', '0.00', '88.00', '0', '1'), ('135', '06142948959862791', '5', '花水湾温泉', '289', '1', '5.00', '284.00', '0', '1'), ('136', '06142977602957309', '2', '蜀大侠火锅', '78', '1', '0.00', '78.00', '0', '1'), ('137', '06142977727007387', '1', '吉布鲁海鲜自助餐', '88', '2', '0.00', '176.00', '0', '1'), ('138', '06142977927136226', '1', '吉布鲁海鲜自助餐', '88', '1', '0.00', '88.00', '0', '1'), ('139', '06142980990403428', '2', '蜀大侠火锅', '78', '1', '0.00', '78.00', '0', '1'), ('140', '06142981601715373', '3', '滋滋烤鱼晋阳店', '49', '1', '3.60', '45.40', '0', '1'), ('141', '06142982170508206', '2', '蜀大侠火锅', '78', '1', '0.00', '78.00', '0', '1'), ('142', '06142982473069456', '3', '滋滋烤鱼晋阳店', '49', '1', '3.60', '45.40', '0', '1'), ('143', '06142983013977750', '6', '阿牛火锅', '199', '1', '10.00', '189.00', '0', '1'), ('144', '06142983130327142', '1', '吉布鲁海鲜自助餐', '88', '1', '0.00', '88.00', '0', '1'), ('145', '06142983131631903', '1', '吉布鲁海鲜自助餐', '88', '1', '0.00', '88.00', '0', '1'), ('146', '06202161972352506', '2', '蜀大侠火锅', '78', '1', '0.00', '78.00', '0', '1'), ('147', '06202172109496390', '9', '蜀大侠火锅', '78', '1', '0.00', '78.00', '0', '1');
COMMIT;

-- ----------------------------
--  Table structure for `zoo_pay`
-- ----------------------------
DROP TABLE IF EXISTS `zoo_pay`;
CREATE TABLE `zoo_pay` (
  `id` int(11) NOT NULL AUTO_INCREMENT COMMENT '支付id',
  `pay_sn` varchar(50) DEFAULT NULL COMMENT '支付单号',
  `payment` tinyint(4) DEFAULT NULL COMMENT '支付方式1 支付宝 2微信',
  `state` tinyint(4) DEFAULT NULL COMMENT '0未支付 1 已支付',
  `order_id` int(11) DEFAULT NULL,
  PRIMARY KEY (`id`)
) ENGINE=InnoDB AUTO_INCREMENT=145 DEFAULT CHARSET=utf8;

-- ----------------------------
--  Records of `zoo_pay`
-- ----------------------------
BEGIN;
INSERT INTO `zoo_pay` VALUES ('1', '5406108270337341', null, null, '4'), ('2', '4106108889819781', null, null, '5'), ('3', '7706108892563001', null, null, '6'), ('4', '2506108893047201', null, null, '7'), ('5', '6006108894363681', null, null, '8'), ('6', '3906108894454181', null, null, '9'), ('7', '7606108894598171', null, null, '10'), ('8', '6006108895161171', null, null, '11'), ('9', '7606108897188231', null, null, '12'), ('10', '5106108897521551', null, null, '13'), ('11', '4906108899617091', null, null, '14'), ('12', '7106108951971051', null, null, '15'), ('13', '6306108952529341', null, null, '16'), ('14', '8306108995435411', null, null, '17'), ('15', '6906108996807051', null, null, '18'), ('16', '2206108997789411', null, null, '19'), ('17', '6606108998840811', null, null, '20'), ('18', '4106108999290351', null, null, '21'), ('19', '5706108999885131', null, null, '22'), ('20', '9206111469313311', null, null, '23'), ('21', '6706111470269221', null, null, '24'), ('22', '1706111473172481', null, null, '25'), ('23', '8806111473938001', null, null, '26'), ('24', '1206111477136281', null, null, '27'), ('25', '2006111479938141', null, null, '28'), ('26', '7506112360782421', null, null, '29'), ('27', '6706112364379661', null, null, '30'), ('28', '6206112434136891', null, null, '31'), ('29', '9706112443806351', null, null, '32'), ('30', '8006112472132651', null, null, '33'), ('31', '3006112474049801', null, null, '34'), ('32', '5006112478593941', null, null, '35'), ('33', '5306112480533721', null, null, '36'), ('34', '2906112482507921', null, null, '37'), ('35', '1806112508374041', null, null, '38'), ('36', '6006112508787871', null, null, '39'), ('37', '6106112510556191', null, null, '40'), ('38', '5106112515302911', null, null, '41'), ('39', '1606112516126971', null, null, '42'), ('40', '5706112516674251', null, null, '43'), ('41', '2606112517557801', null, null, '44'), ('42', '2806112519468431', null, null, '45'), ('43', '4806112543251011', null, null, '46'), ('44', '8206112544358171', null, null, '47'), ('45', '8606112545446811', null, null, '48'), ('46', '2406112545741771', null, null, '49'), ('47', '4506112545941881', null, null, '50'), ('48', '5306112547272491', null, null, '51'), ('49', '3806112548436341', null, null, '52'), ('50', '9106112548941981', null, null, '53'), ('51', '6006112550200361', null, null, '54'), ('52', '7906112551941721', null, null, '55'), ('53', '9906112552169491', null, null, '56'), ('54', '4806112552427601', null, null, '57'), ('55', '2806112552916721', null, null, '58'), ('56', '8706112554728591', null, null, '59'), ('57', '1106112555290901', null, null, '60'), ('58', '4206112556608781', null, null, '61'), ('59', '5806112558763501', null, null, '62'), ('60', '6906112559088071', null, null, '63'), ('61', '6006112559489291', null, null, '64'), ('62', '2006112560413191', null, null, '65'), ('63', '5506112561651511', null, null, '66'), ('64', '3606112562458561', null, null, '67'), ('65', '2506112563604011', null, null, '68'), ('66', '9706112567190531', null, null, '69'), ('67', '6006118633327981', null, null, '70'), ('68', '6106118633618991', null, null, '71'), ('69', '5506134730841341', null, null, '72'), ('70', '4106137344734011', null, null, '73'), ('71', '8506137345862751', null, null, '74'), ('72', '6506137347182791', null, null, '75'), ('73', '6906137347548221', null, null, '76'), ('74', '3306137347821401', null, null, '77'), ('75', '5406137350085361', null, null, '78'), ('76', '2706137352109431', null, null, '79'), ('77', '1106137355364941', null, null, '80'), ('78', '3706137359538661', null, null, '81'), ('79', '2406137359659361', null, null, '82'), ('80', '8806137360980191', null, null, '83'), ('81', '3106137361192271', null, null, '84'), ('82', '4206137361278811', null, null, '85'), ('83', '1606137362629681', null, null, '86'), ('84', '5206137363678961', null, null, '87'), ('85', '2306137364018071', null, null, '88'), ('86', '5906137365825961', null, null, '89'), ('87', '1206137368115931', null, null, '90'), ('88', '1706137369632601', null, null, '91'), ('89', '2206137370062831', null, null, '92'), ('90', '1506137384461561', null, null, '93'), ('91', '3706137384679351', null, null, '94'), ('92', '9806137386038711', null, null, '95'), ('93', '9106137386101411', null, null, '96'), ('94', '7106137387243401', null, null, '97'), ('95', '5906137387466181', null, null, '98'), ('96', '3906137387571341', null, null, '99'), ('97', '2206137388066091', null, null, '100'), ('98', '9806137392905441', null, null, '101'), ('99', '9006137393190751', null, null, '102'), ('100', '5206137400185271', null, null, '103'), ('101', '4306137400868301', null, null, '104'), ('102', '3406137401201551', null, null, '105'), ('103', '5806137407628381', null, null, '106'), ('104', '8506137408846181', null, null, '107'), ('105', '1406137411905561', null, null, '108'), ('106', '8306137418981611', null, null, '109'), ('107', '7606137465483401', null, null, '110'), ('108', '1606137466472571', null, null, '111'), ('109', '4906137510117681', null, null, '112'), ('110', '3906137520798581', null, null, '113'), ('111', '7506137531157211', null, null, '114'), ('112', '6006137676516501', null, null, '115'), ('113', '4706137678157341', null, null, '116'), ('114', '6506137680110571', null, null, '117'), ('115', '2106137680410791', null, null, '118'), ('116', '8306137682206431', null, null, '119'), ('117', '5806138226628351', null, null, '120'), ('118', '7206138227427131', null, null, '121'), ('119', '2306138229418561', null, null, '122'), ('120', '6506138230096941', null, null, '123'), ('121', '8406138235401511', null, null, '124'), ('122', '4706138237594051', null, null, '125'), ('123', '4406138250452181', null, null, '126'), ('124', '6906138254466581', null, null, '127'), ('125', '8106138254827191', null, null, '128'), ('126', '9006138376015641', null, null, '129'), ('127', '7006138377180851', null, null, '130'), ('128', '9906138381365891', null, null, '131'), ('129', '5806138384336951', null, null, '132'), ('130', '7406138387609271', null, null, '133'), ('131', '6706138388785761', null, null, '134'), ('132', '6006138388959951', null, null, '135'), ('133', '7006138417603081', null, null, '136'), ('134', '9906138417727081', null, null, '137'), ('135', '8606138417927231', null, null, '138'), ('136', '9206138420990511', null, null, '139'), ('137', '1006138421601801', null, null, '140'), ('138', '6506138422170641', null, null, '141'), ('139', '6206138422473161', null, null, '142'), ('140', '4406138423014081', null, null, '143'), ('141', '7406138423130431', null, null, '144'), ('142', '6106138423131721', null, null, '145'), ('143', '6406143601972491', null, null, '146'), ('144', '1506143612109591', null, null, '147');
COMMIT;

-- ----------------------------
--  Table structure for `zoo_product`
-- ----------------------------
DROP TABLE IF EXISTS `zoo_product`;
CREATE TABLE `zoo_product` (
  `id` int(11) NOT NULL AUTO_INCREMENT COMMENT '产品id',
  `name` varchar(100) DEFAULT NULL COMMENT '产品名字',
  `sub_name` varchar(255) DEFAULT NULL COMMENT '产品标题描述',
  `add_time` datetime DEFAULT NULL,
  `market_price` decimal(10,0) DEFAULT NULL,
  `price` decimal(10,0) DEFAULT NULL,
  `state` tinyint(4) DEFAULT NULL COMMENT '状态 0下架 1上架',
  `cate_id_1` int(11) DEFAULT NULL COMMENT '一级分类id',
  `cate_id_2` int(11) DEFAULT NULL COMMENT '二级分类id',
  `cate_id_3` int(11) DEFAULT NULL COMMENT '三级分类id',
  `cate_id` int(11) DEFAULT NULL COMMENT '最终分类id',
  `start_time` datetime DEFAULT NULL COMMENT '有效期开始时间',
  `end_time` datetime DEFAULT NULL COMMENT '有效时间',
  `tips` varchar(255) DEFAULT NULL,
  `seller_info` varchar(255) DEFAULT NULL,
  `image` varchar(255) DEFAULT NULL,
  `discount_price` decimal(10,2) NOT NULL COMMENT '优惠价格',
  `address` varchar(255) DEFAULT NULL COMMENT '地址',
  PRIMARY KEY (`id`)
) ENGINE=InnoDB AUTO_INCREMENT=17 DEFAULT CHARSET=utf8;

-- ----------------------------
--  Records of `zoo_product`
-- ----------------------------
BEGIN;
INSERT INTO `zoo_product` VALUES ('1', '吉布鲁海鲜自助餐', '金楠天街店,8.8折优惠,只限三天', null, '100', '88', null, null, null, null, '6', '2019-04-08 17:01:15', '2019-04-30 17:01:18', '地址:龙湖金楠天街\r\n有效时间是:\r\n你还好么么么:洒洒水', '<p>sssss<br/></p>', '3BC6B608732720B00ED6BFB31A3C6F33.jpg', '0.00', '成都市 武侯区 龙湖金楠天街'), ('2', '蜀大侠火锅', '仅限今天5折大抢购', null, '100', '78', null, null, null, null, '9', '2019-04-08 17:08:44', '2019-04-08 17:09:00', '锅底39元\r\n只可以使用1张', '<p>飒飒飒飒撒所所飒飒</p>', 'index2.jpg', '0.00', '成都市 高新区 天府四街 银泰城'), ('3', '滋滋烤鱼晋阳店', '5折抢购,还有免费WiFi', null, '98', '49', null, null, null, null, '8', '2019-04-09 16:52:42', '2019-04-26 16:52:45', '只限用一张券', '<p>这是可靠商家描述</p>', 'index.jpg', '3.60', '成都市 武侯区 晋阳路'), ('4', '老干妈鱼头火锅', '四人餐,就是够味够辣', null, '199', '99', null, null, null, null, '16', '2019-04-20 16:57:08', '2019-05-16 16:57:11', '', '<p>xxxxxx</p>', 'net7.png', '0.00', '成都市 青羊区 西部智谷'), ('5', '花水湾温泉', '宁静美丽大邑小镇,带给你不一样的清新', null, '499', '289', null, null, null, null, '5', '2019-04-20 17:03:02', '2019-05-30 17:03:09', '请和亲朋好友一起来感受', '<p>了劳斯莱斯了连上了</p>', 'net9.png', '5.00', '四川省 大邑县 花水湾温泉中心'), ('6', '阿牛火锅', '好吃的市井小火锅', null, '299', '199', null, null, null, null, '7', '2019-05-31 11:26:55', '2019-11-30 15:04:56', '四人餐,酒水不可使用券', '<p>111啊啊</p>', 'index2.jpg', '10.00', '四川省>武侯区>晋阳路'), ('7', '麻将桌游一起玩', '大家一起来', null, '99', '40', null, null, null, null, '27', '2019-06-13 15:10:53', '2019-11-29 15:10:57', '快来消费吧', '<p>hello</p>', 'index2.jpg', '8.00', '四川省>武侯区>晋阳路'), ('8', '滋滋火锅啦啦啦啦', '好吃的市井小火锅', null, '288', '188', null, null, null, null, '1', '2019-06-28 15:12:07', '2021-07-03 15:12:11', '1111', '<p>静姐哎哎哎&nbsp;</p>', 'index2.jpg', '7.00', '四川省>武侯区>晋阳路'), ('9', '蜀大侠火锅', '仅限今天5折大抢购', null, '100', '78', null, null, null, null, '9', '2019-04-08 17:08:44', '2019-04-08 17:09:00', '锅底39元\r\n只可以使用1张', '<p>飒飒飒飒撒所所飒飒</p>', 'index2.jpg', '0.00', '成都市 高新区 天府四街 银泰城'), ('10', '蜀大侠火锅', '仅限今天5折大抢购', null, '100', '78', null, null, null, null, '9', '2019-04-08 17:08:44', '2019-04-08 17:09:00', '锅底39元\r\n只可以使用1张', '<p>飒飒飒飒撒所所飒飒</p>', 'index2.jpg', '0.00', '成都市 高新区 天府四街 银泰城'), ('11', '蜀大侠火锅', '仅限今天5折大抢购', null, '100', '78', null, null, null, null, '9', '2019-04-08 17:08:44', '2019-04-08 17:09:00', '锅底39元\r\n只可以使用1张', '<p>飒飒飒飒撒所所飒飒</p>', 'index2.jpg', '0.00', '成都市 高新区 天府四街 银泰城'), ('12', '蜀大侠火锅', '仅限今天5折大抢购', null, '100', '78', null, null, null, null, '9', '2019-04-08 17:08:44', '2019-04-08 17:09:00', '锅底39元\r\n只可以使用1张', '<p>飒飒飒飒撒所所飒飒</p>', 'index2.jpg', '0.00', '成都市 高新区 天府四街 银泰城'), ('13', '蜀大侠火锅', '仅限今天5折大抢购', null, '100', '78', null, null, null, null, '9', '2019-04-08 17:08:44', '2019-04-08 17:09:00', '锅底39元\r\n只可以使用1张', '<p>飒飒飒飒撒所所飒飒</p>', 'index2.jpg', '0.00', '成都市 高新区 天府四街 银泰城'), ('14', '蜀大侠火锅', '仅限今天5折大抢购', null, '100', '78', null, null, null, null, '9', '2019-04-08 17:08:44', '2019-04-08 17:09:00', '锅底39元\r\n只可以使用1张', '<p>飒飒飒飒撒所所飒飒</p>', 'index2.jpg', '0.00', '成都市 高新区 天府四街 银泰城'), ('15', '蜀大侠火锅', '仅限今天5折大抢购', null, '100', '78', null, null, null, null, '9', '2019-04-08 17:08:44', '2019-04-08 17:09:00', '锅底39元\r\n只可以使用1张', '<p>飒飒飒飒撒所所飒飒</p>', 'index2.jpg', '0.00', '成都市 高新区 天府四街 银泰城'), ('16', '蜀大侠火锅', '仅限今天5折大抢购', null, '100', '78', null, null, null, null, '9', '2019-04-08 17:08:44', '2019-04-08 17:09:00', '锅底39元\r\n只可以使用1张', '<p>飒飒飒飒撒所所飒飒</p>', 'index2.jpg', '0.00', '成都市 高新区 天府四街 银泰城');
COMMIT;

-- ----------------------------
--  Table structure for `zoo_user`
-- ----------------------------
DROP TABLE IF EXISTS `zoo_user`;
CREATE TABLE `zoo_user` (
  `id` int(11) NOT NULL AUTO_INCREMENT,
  `user_name` varchar(255) DEFAULT NULL COMMENT '用户名',
  `email` varchar(255) DEFAULT NULL COMMENT '邮箱',
  `password` varchar(255) DEFAULT NULL COMMENT '密码',
  PRIMARY KEY (`id`)
) ENGINE=InnoDB AUTO_INCREMENT=5 DEFAULT CHARSET=utf8;

-- ----------------------------
--  Records of `zoo_user`
-- ----------------------------
BEGIN;
INSERT INTO `zoo_user` VALUES ('1', '1', '1', '1'), ('2', '11', '11@qq.com', '11'), ('3', '123', '123@qq.com', '123'), ('4', '1234', '1234@qq.com', '81dc9bdb52d04dc20036dbd8313ed055');
COMMIT;

SET FOREIGN_KEY_CHECKS = 1;
